Model,RMSE,MAE,MAPE,NRMSE
kNN,1.0031778210969085,0.44849537037037035,27.623260491411177,0.10031778210969085
Markov,3.344166424398474,1.8559027777777777,84.46931398130029,0.3344166424398474
ABM,3.4210676262979227,1.9027777777777777,95.52599749945642,0.3421067626297923
